Student Number,School Year,Payment Mode,Purpose of Payment,Date of Payment,Amount,Remarks,Transaction Number,Bank Name,Bank Branch,Check Number,Issuing Bank,Card Number,Signatory in Letter,Date to Pay,In Returned Checks,Double Payment,RPA Remarks,RPA Status,Student Name,Grade,Upload Exception Category,Upload Exception Remarks
4170225,2025,ONLINE_GATEWAY,TUITION,04/15/2025,52774.15," ",4200382,MBTC," "," "," "," "," "," ",,,,,,,Level 1 Exception,No assessment found for SY 2025 - 2026
8240355,2025,ONLINE_GATEWAY,TUITION,04/15/2025,52774.15," ",4200383,MBTC," "," "," "," "," "," ",,,,,,,Level 1 Exception,No assessment found for SY 2025 - 2026
4160564,2025,ONLINE_GATEWAY,TUITION,04/15/2025,52774.15," ",4200384,MBTC," "," "," "," "," "," ",,,,,,,Level 1 Exception,No assessment found for SY 2025 - 2026
4170459,2025,ONLINE_GATEWAY,TUITION,04/15/2025,300," ",4200385,MBTC," "," "," "," "," "," ",,,,,,,Level 1 Exception,No assessment found for SY 2025 - 2026
4170459,2025,ONLINE_GATEWAY,TUITION,04/15/2025,1350.00," ",4200386,MBTC," "," "," "," "," "," ",,,,,,,Level 1 Exception,No assessment found for SY 2025 - 2026
4210001,2025,ONLINE_GATEWAY,TUITION,04/15/2025,600," ",4200387,BDO," "," "," "," "," "," ",,,,,,,Level 1 Exception,No assessment found for SY 2025 - 2026
4180337,2025,ONLINE_GATEWAY,TUITION,04/15/2025,600," ",4200388,BDO," "," "," "," "," "," ",,,,,,,Level 1 Exception,No assessment found for SY 2025 - 2026
4160555,2025,ONLINE_GATEWAY,TUITION,04/15/2025,25246.95," ",4200389,BDO," "," "," "," "," "," ",,,,,,,Level 1 Exception,No assessment found for SY 2025 - 2026
4160555,2025,ONLINE_GATEWAY,TUITION,04/15/2025,23892.05," ",4200390,BDO," "," "," "," "," "," ",,,,,,,Level 1 Exception,No assessment found for SY 2025 - 2026
